{
  "image_width": 640,
  "image_height": 480,
  "camera_name": "csicam",
  "camera_matrix": {
    "rows": 3,
    "cols": 3,
    "data": [
      666.149888,
      0,
      280.860339,
      0,
      885.553969,
      218.776882,
      0,
      0,
      1
    ]
  },
  "distortion_model": "plumb_bob",
  "distortion_coefficients": {
    "rows": 1,
    "cols": 5,
    "data": [
      0.261651,
      -0.31314,
      -0.009272,
      -0.02232,
      0
    ]
  },
  "rectification_matrix": {
    "rows": 3,
    "cols": 3,
    "data": [
      1,
      0,
      0,
      0,
      1,
      0,
      0,
      0,
      1
    ]
  },
  "projection_matrix": {
    "rows": 3,
    "cols": 4,
    "data": [
      694.567749,
      0,
      272.573657,
      0,
      0,
      937.57843,
      216.294176,
      0,
      0,
      0,
      1,
      0
    ]
  }
}